"name","name_long","mean","CI_low","CI_high","Rhat","Estimate","Contact_type","var_type","var_name"
"P[1]","Female",0.148149523821123,0.146037870429679,0.150123723888774,1.00202923015238,0.148149523821123,"All contacts","Gender","Female"
"P[2]","PART_MALE",0.125066619858667,0.123273195041645,0.126994115025466,1.00054583540783,0.125066619858667,"All contacts","Gender","Male"
"P[1]","Female",0.0594892260705811,0.0572978509646581,0.0618001471984347,0.999716253165829,0.0594892260705811,"Contacts occuring
outside the home","Gender","Female"
"P[2]","PART_MALE",0.047456634772778,0.0457681106962069,0.0492464872939023,1.00005205780324,0.047456634772778,"Contacts occuring
outside the home","Gender","Male"
