"name","name_long","mean","CI_low","CI_high","Rhat","Estimate","Contact_type","var_type","var_name"
"P[1]","4-6",0.136725468682258,0.134926184380531,0.138583870495771,1.00062863146528,0.136725468682258,"All contacts","Number of
household members","4-6"
"P[2]","HH_Num_Memb_1_3",0.0970981113009988,0.0947558447681065,0.0995754420161239,1.0002884661861,0.0970981113009988,"All contacts","Number of
household members","1-3"
"P[3]","HH_Num_Memb_7_9",0.171632579581018,0.168079070923976,0.17542095935477,1.00004993253141,0.171632579581018,"All contacts","Number of
household members","7-9"
"P[4]","HH_Num_Memb_10",0.256852755968908,0.245500087770134,0.268376040732141,1.00070160087113,0.256852755968908,"All contacts","Number of
household members","10+"
"P[1]","4-6",0.0510524549792885,0.0491931610953928,0.0529349845014283,1.00116453230109,0.0510524549792885,"Contacts occuring
outside the home","Number of
household members","4-6"
"P[2]","HH_Num_Memb_1_3",0.055757066791459,0.0532344063794204,0.0583059969908493,0.999982860757959,0.055757066791459,"Contacts occuring
outside the home","Number of
household members","1-3"
"P[3]","HH_Num_Memb_7_9",0.0513408305697975,0.0477558083175424,0.0550067911827557,1.00050298461688,0.0513408305697975,"Contacts occuring
outside the home","Number of
household members","7-9"
"P[4]","HH_Num_Memb_10",0.071551313168323,0.0584368507019346,0.0866275875878317,1.00064907413766,0.071551313168323,"Contacts occuring
outside the home","Number of
household members","10+"
